cells,timepoint
V1_T0,T0
V2_T0,T0
V3_T0,T0
V4_T0,T0
V5_T0,T0
V6_T0,T0
V7_T0,T0
V8_T0,T0
V9_T0,T0
V10_T0,T0
V11_T0,T0
V12_T0,T0
V13_T0,T0
V14_T0,T0
V15_T0,T0
V16_T0,T0
V17_T0,T0
V18_T0,T0
V19_T0,T0
V20_T0,T0
V21_T0,T0
V22_T0,T0
V23_T0,T0
V24_T0,T0
V25_T0,T0
V26_T0,T0
V27_T0,T0
V28_T0,T0
V29_T0,T0
V30_T0,T0
V31_T0,T0
V32_T0,T0
V33_T0,T0
V34_T0,T0
V35_T0,T0
V36_T0,T0
V37_T0,T0
V38_T0,T0
V39_T0,T0
V40_T0,T0
V41_T0,T0
V42_T0,T0
V43_T0,T0
V44_T0,T0
V45_T0,T0
V46_T0,T0
V47_T0,T0
V48_T0,T0
V49_T0,T0
V50_T0,T0
V51_T0,T0
V52_T0,T0
V53_T0,T0
V54_T0,T0
V55_T0,T0
V56_T0,T0
V57_T0,T0
V58_T0,T0
V59_T0,T0
V60_T0,T0
V61_T0,T0
V62_T0,T0
V63_T0,T0
V64_T0,T0
V65_T0,T0
V66_T0,T0
V67_T0,T0
V68_T0,T0
V69_T0,T0
V70_T0,T0
V71_T0,T0
V72_T0,T0
V73_T0,T0
V74_T0,T0
V75_T0,T0
V76_T0,T0
V77_T0,T0
V78_T0,T0
V79_T0,T0
V80_T0,T0
V81_T0,T0
V82_T0,T0
V83_T0,T0
V84_T0,T0
V85_T0,T0
V86_T0,T0
V87_T0,T0
V88_T0,T0
V89_T0,T0
V90_T0,T0
V91_T0,T0
V92_T0,T0
V93_T0,T0
V94_T0,T0
V95_T0,T0
V96_T0,T0
V97_T0,T0
V98_T0,T0
V99_T0,T0
V100_T0,T0
V101_T0,T0
V102_T0,T0
V103_T0,T0
V104_T0,T0
V105_T0,T0
V106_T0,T0
V107_T0,T0
V108_T0,T0
V109_T0,T0
V110_T0,T0
V111_T0,T0
V112_T0,T0
V113_T0,T0
V114_T0,T0
V115_T0,T0
V116_T0,T0
V117_T0,T0
V118_T0,T0
V119_T0,T0
V120_T0,T0
V121_T0,T0
V122_T0,T0
V123_T0,T0
V124_T0,T0
V125_T0,T0
V126_T0,T0
V127_T0,T0
V128_T0,T0
V129_T0,T0
V130_T0,T0
V131_T0,T0
V132_T0,T0
V133_T0,T0
V134_T0,T0
V135_T0,T0
V136_T0,T0
V137_T0,T0
V138_T0,T0
V139_T0,T0
V140_T0,T0
V141_T0,T0
V142_T0,T0
V143_T0,T0
V144_T0,T0
V145_T0,T0
V146_T0,T0
V147_T0,T0
V148_T0,T0
V149_T0,T0
V150_T0,T0
V151_T0,T0
V152_T0,T0
V153_T0,T0
V154_T0,T0
V155_T0,T0
V156_T0,T0
V157_T0,T0
V158_T0,T0
V159_T0,T0
V160_T0,T0
V161_T0,T0
V162_T0,T0
V163_T0,T0
V164_T0,T0
V165_T0,T0
V166_T0,T0
V167_T0,T0
V168_T0,T0
V169_T0,T0
V170_T0,T0
V171_T0,T0
V172_T0,T0
V173_T0,T0
V174_T0,T0
V175_T0,T0
V176_T0,T0
V177_T0,T0
V178_T0,T0
V179_T0,T0
V180_T0,T0
V181_T0,T0
V182_T0,T0
V183_T0,T0
V184_T0,T0
V185_T0,T0
V186_T0,T0
V187_T0,T0
V188_T0,T0
V189_T0,T0
V190_T0,T0
V191_T0,T0
V192_T0,T0
V193_T0,T0
V194_T0,T0
V195_T0,T0
V196_T0,T0
V197_T0,T0
V198_T0,T0
V199_T0,T0
V200_T0,T0
V201_T0,T0
V202_T0,T0
V203_T0,T0
V204_T0,T0
V205_T0,T0
V206_T0,T0
V207_T0,T0
V208_T0,T0
V209_T0,T0
V210_T0,T0
V211_T0,T0
V212_T0,T0
V213_T0,T0
V214_T0,T0
V215_T0,T0
V216_T0,T0
V217_T0,T0
V218_T0,T0
V219_T0,T0
V220_T0,T0
V221_T0,T0
V222_T0,T0
V223_T0,T0
V224_T0,T0
V225_T0,T0
V226_T0,T0
V227_T0,T0
V228_T0,T0
V229_T0,T0
V230_T0,T0
V231_T0,T0
V232_T0,T0
V233_T0,T0
V234_T0,T0
V235_T0,T0
V236_T0,T0
V237_T0,T0
V238_T0,T0
V239_T0,T0
V240_T0,T0
V241_T0,T0
V242_T0,T0
V243_T0,T0
V244_T0,T0
V245_T0,T0
V246_T0,T0
V247_T0,T0
V248_T0,T0
V249_T0,T0
V250_T0,T0
V251_T0,T0
V252_T0,T0
V253_T0,T0
V254_T0,T0
V255_T0,T0
V256_T0,T0
V257_T0,T0
V258_T0,T0
V259_T0,T0
V260_T0,T0
V261_T0,T0
V262_T0,T0
V263_T0,T0
V264_T0,T0
V265_T0,T0
V266_T0,T0
V267_T0,T0
V268_T0,T0
V269_T0,T0
V270_T0,T0
V271_T0,T0
V272_T0,T0
V273_T0,T0
V274_T0,T0
V275_T0,T0
V276_T0,T0
V277_T0,T0
V278_T0,T0
V279_T0,T0
V280_T0,T0
V281_T0,T0
V282_T0,T0
V283_T0,T0
V284_T0,T0
V285_T0,T0
V286_T0,T0
V287_T0,T0
V288_T0,T0
V289_T0,T0
V290_T0,T0
V291_T0,T0
V292_T0,T0
V293_T0,T0
V294_T0,T0
V295_T0,T0
V296_T0,T0
V297_T0,T0
V298_T0,T0
V299_T0,T0
V300_T0,T0
V301_T0,T0
V302_T0,T0
V303_T0,T0
V304_T0,T0
V305_T0,T0
V306_T0,T0
V307_T0,T0
V308_T0,T0
V309_T0,T0
V310_T0,T0
V311_T0,T0
V312_T0,T0
V313_T0,T0
V314_T0,T0
V315_T0,T0
V316_T0,T0
V317_T0,T0
V318_T0,T0
V319_T0,T0
V320_T0,T0
V321_T0,T0
V322_T0,T0
V323_T0,T0
V324_T0,T0
V325_T0,T0
V326_T0,T0
V327_T0,T0
V328_T0,T0
V329_T0,T0
V330_T0,T0
V331_T0,T0
V332_T0,T0
V333_T0,T0
V334_T0,T0
V335_T0,T0
V336_T0,T0
V337_T0,T0
V338_T0,T0
V339_T0,T0
V340_T0,T0
V341_T0,T0
V342_T0,T0
V343_T0,T0
V344_T0,T0
V345_T0,T0
V346_T0,T0
V347_T0,T0
V348_T0,T0
V349_T0,T0
V350_T0,T0
V351_T0,T0
V352_T0,T0
V353_T0,T0
V354_T0,T0
V355_T0,T0
V356_T0,T0
V357_T0,T0
V358_T0,T0
V359_T0,T0
V360_T0,T0
V361_T0,T0
V362_T0,T0
V363_T0,T0
V364_T0,T0
V365_T0,T0
V366_T0,T0
V367_T0,T0
V368_T0,T0
V369_T0,T0
V370_T0,T0
V371_T0,T0
V372_T0,T0
V373_T0,T0
V374_T0,T0
V375_T0,T0
V376_T0,T0
V377_T0,T0
V378_T0,T0
V379_T0,T0
V380_T0,T0
V381_T0,T0
V382_T0,T0
V383_T0,T0
V1_T1,T1
V2_T1,T1
V3_T1,T1
V4_T1,T1
V5_T1,T1
V6_T1,T1
V7_T1,T1
V8_T1,T1
V9_T1,T1
V10_T1,T1
V11_T1,T1
V12_T1,T1
V13_T1,T1
V14_T1,T1
V15_T1,T1
V16_T1,T1
V17_T1,T1
V18_T1,T1
V19_T1,T1
V20_T1,T1
V21_T1,T1
V22_T1,T1
V23_T1,T1
V24_T1,T1
V25_T1,T1
V26_T1,T1
V27_T1,T1
V28_T1,T1
V29_T1,T1
V30_T1,T1
V31_T1,T1
V32_T1,T1
V33_T1,T1
V34_T1,T1
V35_T1,T1
V36_T1,T1
V37_T1,T1
V38_T1,T1
V39_T1,T1
V40_T1,T1
V41_T1,T1
V42_T1,T1
V43_T1,T1
V44_T1,T1
V45_T1,T1
V46_T1,T1
V47_T1,T1
V48_T1,T1
V49_T1,T1
V50_T1,T1
V51_T1,T1
V52_T1,T1
V53_T1,T1
V54_T1,T1
V55_T1,T1
V56_T1,T1
V57_T1,T1
V58_T1,T1
V59_T1,T1
V60_T1,T1
V61_T1,T1
V62_T1,T1
V63_T1,T1
V64_T1,T1
V65_T1,T1
V66_T1,T1
V67_T1,T1
V68_T1,T1
V69_T1,T1
V70_T1,T1
V71_T1,T1
V72_T1,T1
V73_T1,T1
V74_T1,T1
V75_T1,T1
V76_T1,T1
V77_T1,T1
V78_T1,T1
V79_T1,T1
V80_T1,T1
V81_T1,T1
V82_T1,T1
V83_T1,T1
V84_T1,T1
V85_T1,T1
V86_T1,T1
V87_T1,T1
V88_T1,T1
V89_T1,T1
V90_T1,T1
V91_T1,T1
V92_T1,T1
V93_T1,T1
V94_T1,T1
V95_T1,T1
V96_T1,T1
V97_T1,T1
V98_T1,T1
V99_T1,T1
V100_T1,T1
V101_T1,T1
V102_T1,T1
V103_T1,T1
V104_T1,T1
V105_T1,T1
V106_T1,T1
V107_T1,T1
V108_T1,T1
V109_T1,T1
V110_T1,T1
V111_T1,T1
V112_T1,T1
V113_T1,T1
V114_T1,T1
V115_T1,T1
V116_T1,T1
V117_T1,T1
V118_T1,T1
V119_T1,T1
V120_T1,T1
V121_T1,T1
V122_T1,T1
V123_T1,T1
V124_T1,T1
V125_T1,T1
V126_T1,T1
V127_T1,T1
V128_T1,T1
V129_T1,T1
V130_T1,T1
V131_T1,T1
V132_T1,T1
V133_T1,T1
V134_T1,T1
V135_T1,T1
V136_T1,T1
V137_T1,T1
V138_T1,T1
V139_T1,T1
V140_T1,T1
V141_T1,T1
V142_T1,T1
V143_T1,T1
V144_T1,T1
V145_T1,T1
V146_T1,T1
V147_T1,T1
V148_T1,T1
V149_T1,T1
V150_T1,T1
V151_T1,T1
V152_T1,T1
V153_T1,T1
V154_T1,T1
V155_T1,T1
V156_T1,T1
V157_T1,T1
V158_T1,T1
V159_T1,T1
V160_T1,T1
V161_T1,T1
V162_T1,T1
V163_T1,T1
V164_T1,T1
V165_T1,T1
V166_T1,T1
V167_T1,T1
V168_T1,T1
V169_T1,T1
V170_T1,T1
V171_T1,T1
V172_T1,T1
V173_T1,T1
V174_T1,T1
V175_T1,T1
V176_T1,T1
V177_T1,T1
V178_T1,T1
V179_T1,T1
V180_T1,T1
V181_T1,T1
V182_T1,T1
V183_T1,T1
V184_T1,T1
V185_T1,T1
V186_T1,T1
V187_T1,T1
V188_T1,T1
V189_T1,T1
V190_T1,T1
V191_T1,T1
V192_T1,T1
V193_T1,T1
V194_T1,T1
V195_T1,T1
V196_T1,T1
V197_T1,T1
V198_T1,T1
V199_T1,T1
V200_T1,T1
V201_T1,T1
V202_T1,T1
V203_T1,T1
V204_T1,T1
V205_T1,T1
V206_T1,T1
V207_T1,T1
V208_T1,T1
V209_T1,T1
V210_T1,T1
V211_T1,T1
V212_T1,T1
V213_T1,T1
V214_T1,T1
V215_T1,T1
V216_T1,T1
V217_T1,T1
V218_T1,T1
V219_T1,T1
V220_T1,T1
V221_T1,T1
V222_T1,T1
V223_T1,T1
V224_T1,T1
V225_T1,T1
V226_T1,T1
V227_T1,T1
V228_T1,T1
V229_T1,T1
V230_T1,T1
V231_T1,T1
V232_T1,T1
V233_T1,T1
V234_T1,T1
V235_T1,T1
V236_T1,T1
V237_T1,T1
V238_T1,T1
V239_T1,T1
V240_T1,T1
V1_T2,T2
V2_T2,T2
V3_T2,T2
V4_T2,T2
V5_T2,T2
V6_T2,T2
V7_T2,T2
V8_T2,T2
V9_T2,T2
V10_T2,T2
V11_T2,T2
V12_T2,T2
V13_T2,T2
V14_T2,T2
V15_T2,T2
V16_T2,T2
V17_T2,T2
V18_T2,T2
V19_T2,T2
V20_T2,T2
V21_T2,T2
V22_T2,T2
V23_T2,T2
V24_T2,T2
V25_T2,T2
V26_T2,T2
V27_T2,T2
V28_T2,T2
V29_T2,T2
V30_T2,T2
V31_T2,T2
V32_T2,T2
V33_T2,T2
V34_T2,T2
V35_T2,T2
V36_T2,T2
V37_T2,T2
V38_T2,T2
V39_T2,T2
V40_T2,T2
V41_T2,T2
V42_T2,T2
V43_T2,T2
V44_T2,T2
V45_T2,T2
V46_T2,T2
V47_T2,T2
V48_T2,T2
V49_T2,T2
V50_T2,T2
V51_T2,T2
V52_T2,T2
V53_T2,T2
V54_T2,T2
V55_T2,T2
V56_T2,T2
V57_T2,T2
V58_T2,T2
V59_T2,T2
V60_T2,T2
V61_T2,T2
V62_T2,T2
V63_T2,T2
V64_T2,T2
V65_T2,T2
V66_T2,T2
V67_T2,T2
V68_T2,T2
V69_T2,T2
V70_T2,T2
V71_T2,T2
V72_T2,T2
V73_T2,T2
V74_T2,T2
V75_T2,T2
V76_T2,T2
V77_T2,T2
V78_T2,T2
V79_T2,T2
V80_T2,T2
V81_T2,T2
V82_T2,T2
V83_T2,T2
V84_T2,T2
V85_T2,T2
V86_T2,T2
V87_T2,T2
V88_T2,T2
V89_T2,T2
V90_T2,T2
V91_T2,T2
V92_T2,T2
V93_T2,T2
V94_T2,T2
V95_T2,T2
V96_T2,T2
V97_T2,T2
V98_T2,T2
V99_T2,T2
V100_T2,T2
V101_T2,T2
V102_T2,T2
V103_T2,T2
V104_T2,T2
V105_T2,T2
V106_T2,T2
V107_T2,T2
V108_T2,T2
V109_T2,T2
V110_T2,T2
V111_T2,T2
V112_T2,T2
V113_T2,T2
V114_T2,T2
V115_T2,T2
V116_T2,T2
V117_T2,T2
V118_T2,T2
V119_T2,T2
V120_T2,T2
V121_T2,T2
V122_T2,T2
V123_T2,T2
V124_T2,T2
V125_T2,T2
V126_T2,T2
V127_T2,T2
V128_T2,T2
V129_T2,T2
V130_T2,T2
V131_T2,T2
V132_T2,T2
V133_T2,T2
V134_T2,T2
V135_T2,T2
V136_T2,T2
V137_T2,T2
V138_T2,T2
V139_T2,T2
V140_T2,T2
V141_T2,T2
V142_T2,T2
V143_T2,T2
V144_T2,T2
V145_T2,T2
V146_T2,T2
V147_T2,T2
V148_T2,T2
V149_T2,T2
V150_T2,T2
V151_T2,T2
V152_T2,T2
V153_T2,T2
V154_T2,T2
V155_T2,T2
V156_T2,T2
V157_T2,T2
V158_T2,T2
V159_T2,T2
V160_T2,T2
V161_T2,T2
V162_T2,T2
V163_T2,T2
V164_T2,T2
V165_T2,T2
V166_T2,T2
V167_T2,T2
V168_T2,T2
V169_T2,T2
V170_T2,T2
V171_T2,T2
V172_T2,T2
V173_T2,T2
V174_T2,T2
V175_T2,T2
V176_T2,T2
V177_T2,T2
V178_T2,T2
V179_T2,T2
V180_T2,T2
V181_T2,T2
V182_T2,T2
V183_T2,T2
V184_T2,T2
V185_T2,T2
V186_T2,T2
V187_T2,T2
V188_T2,T2
V189_T2,T2
V190_T2,T2
V191_T2,T2
V192_T2,T2
V193_T2,T2
V194_T2,T2
V195_T2,T2
V196_T2,T2
V197_T2,T2
V198_T2,T2
V199_T2,T2
V200_T2,T2
V201_T2,T2
V202_T2,T2
V203_T2,T2
V204_T2,T2
V205_T2,T2
V206_T2,T2
V207_T2,T2
V208_T2,T2
V209_T2,T2
V210_T2,T2
V211_T2,T2
V212_T2,T2
V213_T2,T2
V214_T2,T2
V215_T2,T2
V216_T2,T2
V217_T2,T2
V218_T2,T2
V219_T2,T2
V220_T2,T2
V221_T2,T2
V222_T2,T2
V223_T2,T2
V224_T2,T2
V225_T2,T2
V226_T2,T2
V227_T2,T2
V228_T2,T2
V229_T2,T2
V230_T2,T2
V231_T2,T2
V232_T2,T2
V233_T2,T2
V234_T2,T2
V235_T2,T2
V236_T2,T2
V237_T2,T2
V238_T2,T2
V239_T2,T2
V240_T2,T2
V241_T2,T2
V242_T2,T2
V243_T2,T2
V244_T2,T2
V245_T2,T2
V246_T2,T2
V247_T2,T2
V248_T2,T2
V249_T2,T2
V250_T2,T2
V251_T2,T2
V252_T2,T2
V253_T2,T2
V254_T2,T2
V255_T2,T2
V256_T2,T2
V257_T2,T2
V258_T2,T2
V259_T2,T2
V1_T3,T3
V2_T3,T3
V3_T3,T3
V4_T3,T3
V5_T3,T3
V6_T3,T3
V7_T3,T3
V8_T3,T3
V9_T3,T3
V10_T3,T3
V11_T3,T3
V12_T3,T3
V13_T3,T3
V14_T3,T3
V15_T3,T3
V16_T3,T3
V17_T3,T3
V18_T3,T3
V19_T3,T3
V20_T3,T3
V21_T3,T3
V22_T3,T3
V23_T3,T3
V24_T3,T3
V25_T3,T3
V26_T3,T3
V27_T3,T3
V28_T3,T3
V29_T3,T3
V30_T3,T3
V31_T3,T3
V32_T3,T3
V33_T3,T3
V34_T3,T3
V35_T3,T3
V36_T3,T3
V37_T3,T3
V38_T3,T3
V39_T3,T3
V40_T3,T3
V41_T3,T3
V42_T3,T3
V43_T3,T3
V44_T3,T3
V45_T3,T3
V46_T3,T3
V47_T3,T3
V48_T3,T3
V49_T3,T3
V50_T3,T3
V51_T3,T3
V52_T3,T3
V53_T3,T3
V54_T3,T3
V55_T3,T3
V56_T3,T3
V57_T3,T3
V58_T3,T3
V59_T3,T3
V60_T3,T3
V61_T3,T3
V62_T3,T3
V63_T3,T3
V64_T3,T3
V65_T3,T3
V66_T3,T3
V67_T3,T3
V68_T3,T3
V69_T3,T3
V70_T3,T3
V71_T3,T3
V72_T3,T3
V73_T3,T3
V74_T3,T3
V75_T3,T3
V76_T3,T3
V77_T3,T3
V78_T3,T3
V79_T3,T3
V80_T3,T3
V81_T3,T3
V82_T3,T3
V83_T3,T3
V84_T3,T3
V85_T3,T3
V86_T3,T3
V87_T3,T3
V88_T3,T3
V89_T3,T3
V90_T3,T3
V91_T3,T3
V92_T3,T3
V93_T3,T3
V94_T3,T3
V95_T3,T3
V96_T3,T3
V97_T3,T3
V98_T3,T3
V99_T3,T3
V100_T3,T3
V101_T3,T3
V102_T3,T3
V103_T3,T3
V104_T3,T3
V105_T3,T3
V106_T3,T3
V107_T3,T3
V108_T3,T3
V109_T3,T3
V110_T3,T3
V111_T3,T3
V112_T3,T3
V113_T3,T3
V114_T3,T3
V115_T3,T3
V116_T3,T3
V117_T3,T3
V118_T3,T3
V119_T3,T3
V120_T3,T3
V121_T3,T3
V122_T3,T3
V123_T3,T3
V124_T3,T3
V125_T3,T3
V126_T3,T3
V127_T3,T3
V128_T3,T3
V129_T3,T3
V130_T3,T3
V131_T3,T3
V132_T3,T3
V133_T3,T3
V134_T3,T3
V135_T3,T3
V136_T3,T3
V137_T3,T3
V138_T3,T3
V139_T3,T3
V140_T3,T3
V141_T3,T3
V142_T3,T3
V143_T3,T3
V144_T3,T3
V145_T3,T3
V146_T3,T3
V147_T3,T3
V148_T3,T3
V149_T3,T3
V150_T3,T3
V151_T3,T3
V152_T3,T3
V153_T3,T3
V154_T3,T3
V155_T3,T3
V156_T3,T3
V157_T3,T3
V158_T3,T3
V159_T3,T3
V160_T3,T3
V161_T3,T3
V162_T3,T3
V163_T3,T3
V164_T3,T3
V165_T3,T3
V166_T3,T3
V167_T3,T3
V168_T3,T3
V169_T3,T3
V170_T3,T3
V171_T3,T3
V172_T3,T3
V173_T3,T3
V174_T3,T3
V175_T3,T3
V176_T3,T3
V177_T3,T3
V178_T3,T3
V179_T3,T3
V180_T3,T3
V181_T3,T3
V182_T3,T3
V183_T3,T3
V184_T3,T3
V185_T3,T3
V186_T3,T3
V187_T3,T3
V188_T3,T3
V189_T3,T3
V190_T3,T3
V191_T3,T3
V192_T3,T3
V193_T3,T3
V194_T3,T3
V195_T3,T3
V196_T3,T3
V197_T3,T3
V198_T3,T3
V199_T3,T3
V200_T3,T3
V201_T3,T3
V202_T3,T3
V203_T3,T3
V204_T3,T3
V205_T3,T3
V206_T3,T3
V207_T3,T3
V1_T4,T4
V2_T4,T4
V3_T4,T4
V4_T4,T4
V5_T4,T4
V6_T4,T4
V7_T4,T4
V8_T4,T4
V9_T4,T4
V10_T4,T4
V11_T4,T4
V12_T4,T4
V13_T4,T4
V14_T4,T4
V15_T4,T4
V16_T4,T4
V17_T4,T4
V18_T4,T4
V19_T4,T4
V20_T4,T4
V21_T4,T4
V22_T4,T4
V23_T4,T4
V24_T4,T4
V25_T4,T4
V26_T4,T4
V27_T4,T4
V28_T4,T4
V29_T4,T4
V30_T4,T4
V31_T4,T4
V32_T4,T4
V33_T4,T4
V34_T4,T4
V35_T4,T4
V36_T4,T4
V37_T4,T4
V38_T4,T4
V39_T4,T4
V40_T4,T4
V41_T4,T4
V42_T4,T4
V43_T4,T4
V44_T4,T4
V45_T4,T4
V46_T4,T4
V47_T4,T4
V48_T4,T4
V49_T4,T4
V50_T4,T4
V51_T4,T4
V52_T4,T4
V53_T4,T4
V54_T4,T4
V55_T4,T4
V56_T4,T4
V57_T4,T4
V58_T4,T4
V59_T4,T4
V60_T4,T4
V61_T4,T4
V62_T4,T4
V63_T4,T4
V64_T4,T4
V65_T4,T4
V66_T4,T4
V67_T4,T4
V68_T4,T4
V69_T4,T4
V70_T4,T4
V71_T4,T4
V72_T4,T4
V73_T4,T4
V74_T4,T4
V75_T4,T4
V76_T4,T4
V77_T4,T4
V78_T4,T4
V79_T4,T4
V80_T4,T4
V81_T4,T4
V82_T4,T4
V83_T4,T4
V84_T4,T4
V85_T4,T4
V86_T4,T4
V87_T4,T4
V88_T4,T4
V89_T4,T4
V90_T4,T4
V91_T4,T4
V92_T4,T4
V93_T4,T4
V94_T4,T4
V95_T4,T4
V96_T4,T4
V97_T4,T4
V98_T4,T4
V99_T4,T4
V100_T4,T4
V101_T4,T4
V102_T4,T4
V103_T4,T4
V104_T4,T4
V105_T4,T4
V106_T4,T4
V107_T4,T4
V108_T4,T4
V109_T4,T4
V110_T4,T4
V111_T4,T4
V112_T4,T4
V113_T4,T4
V114_T4,T4
V115_T4,T4
V116_T4,T4
V117_T4,T4
V118_T4,T4
V119_T4,T4
V120_T4,T4
V121_T4,T4
V122_T4,T4
V123_T4,T4
V124_T4,T4
V125_T4,T4
V126_T4,T4
V127_T4,T4
V128_T4,T4
V129_T4,T4
V130_T4,T4
V131_T4,T4
V132_T4,T4
V133_T4,T4
V134_T4,T4
V135_T4,T4
V136_T4,T4
V137_T4,T4
V138_T4,T4
V139_T4,T4
V140_T4,T4
V141_T4,T4
V142_T4,T4
V143_T4,T4
V144_T4,T4
V145_T4,T4
V146_T4,T4
V147_T4,T4
V148_T4,T4
V149_T4,T4
V150_T4,T4
V151_T4,T4
V152_T4,T4
V153_T4,T4
V154_T4,T4
V155_T4,T4
V156_T4,T4
V157_T4,T4
V158_T4,T4
V159_T4,T4
V160_T4,T4
V161_T4,T4
V162_T4,T4
V163_T4,T4
V164_T4,T4
V165_T4,T4
V166_T4,T4
V167_T4,T4
V168_T4,T4
V169_T4,T4
V170_T4,T4
V171_T4,T4
V172_T4,T4
V173_T4,T4
V174_T4,T4
V175_T4,T4
V176_T4,T4
V177_T4,T4
V178_T4,T4
V179_T4,T4
V180_T4,T4
V181_T4,T4
V182_T4,T4
V183_T4,T4
V184_T4,T4
V185_T4,T4
V186_T4,T4
V187_T4,T4
V188_T4,T4
V189_T4,T4
V190_T4,T4
V191_T4,T4
V192_T4,T4
V193_T4,T4
V194_T4,T4
V195_T4,T4
V196_T4,T4
V197_T4,T4
V198_T4,T4
V199_T4,T4
V200_T4,T4
V201_T4,T4
V202_T4,T4
V203_T4,T4
V204_T4,T4
V205_T4,T4
V206_T4,T4
V207_T4,T4
V208_T4,T4
V209_T4,T4
V210_T4,T4
V211_T4,T4
V212_T4,T4
V213_T4,T4
V214_T4,T4
V215_T4,T4
V216_T4,T4
V217_T4,T4
V218_T4,T4
V219_T4,T4
V220_T4,T4
V221_T4,T4
V222_T4,T4
V223_T4,T4
V224_T4,T4
V225_T4,T4
V226_T4,T4
V227_T4,T4
V228_T4,T4
V229_T4,T4
V230_T4,T4
V231_T4,T4
V232_T4,T4
V233_T4,T4
V234_T4,T4
V235_T4,T4
V236_T4,T4
V237_T4,T4
V238_T4,T4
V239_T4,T4
V240_T4,T4
V241_T4,T4
V242_T4,T4
V243_T4,T4
V244_T4,T4
V245_T4,T4
V246_T4,T4
V247_T4,T4
V248_T4,T4
V249_T4,T4
V250_T4,T4
V251_T4,T4
V252_T4,T4
V253_T4,T4
V254_T4,T4
V255_T4,T4
V256_T4,T4
V257_T4,T4
V258_T4,T4
V259_T4,T4
V260_T4,T4
V261_T4,T4
V262_T4,T4
V263_T4,T4
V264_T4,T4
V265_T4,T4
V266_T4,T4
V267_T4,T4
V268_T4,T4
V1_T5,T5
V2_T5,T5
V3_T5,T5
V4_T5,T5
V5_T5,T5
V6_T5,T5
V7_T5,T5
V8_T5,T5
V9_T5,T5
V10_T5,T5
V11_T5,T5
V12_T5,T5
V13_T5,T5
V14_T5,T5
V15_T5,T5
V16_T5,T5
V17_T5,T5
V18_T5,T5
V19_T5,T5
V20_T5,T5
V21_T5,T5
V22_T5,T5
V23_T5,T5
V24_T5,T5
V25_T5,T5
V26_T5,T5
V27_T5,T5
V28_T5,T5
V29_T5,T5
V30_T5,T5
V31_T5,T5
V32_T5,T5
V33_T5,T5
V34_T5,T5
V35_T5,T5
V36_T5,T5
V37_T5,T5
V38_T5,T5
V39_T5,T5
V40_T5,T5
V41_T5,T5
V42_T5,T5
V43_T5,T5
V44_T5,T5
V45_T5,T5
V46_T5,T5
V47_T5,T5
V48_T5,T5
V49_T5,T5
V50_T5,T5
V51_T5,T5
V52_T5,T5
V53_T5,T5
V54_T5,T5
V55_T5,T5
V56_T5,T5
V57_T5,T5
V58_T5,T5
V59_T5,T5
V60_T5,T5
V61_T5,T5
V62_T5,T5
V63_T5,T5
V64_T5,T5
V65_T5,T5
V66_T5,T5
V67_T5,T5
V68_T5,T5
V69_T5,T5
V70_T5,T5
V71_T5,T5
V72_T5,T5
V73_T5,T5
V74_T5,T5
V75_T5,T5
V76_T5,T5
V77_T5,T5
V78_T5,T5
V79_T5,T5
V80_T5,T5
V81_T5,T5
V82_T5,T5
V83_T5,T5
V84_T5,T5
V85_T5,T5
V86_T5,T5
V87_T5,T5
V88_T5,T5
V89_T5,T5
V90_T5,T5
V91_T5,T5
V92_T5,T5
V93_T5,T5
V94_T5,T5
V95_T5,T5
V96_T5,T5
V97_T5,T5
V98_T5,T5
V99_T5,T5
V100_T5,T5
V101_T5,T5
V102_T5,T5
V103_T5,T5
V104_T5,T5
V105_T5,T5
V106_T5,T5
V107_T5,T5
V108_T5,T5
V109_T5,T5
V110_T5,T5
V111_T5,T5
V112_T5,T5
V113_T5,T5
V114_T5,T5
V115_T5,T5
V116_T5,T5
V117_T5,T5
V118_T5,T5
V119_T5,T5
V120_T5,T5
V121_T5,T5
V122_T5,T5
V123_T5,T5
V124_T5,T5
V125_T5,T5
V126_T5,T5
V127_T5,T5
V128_T5,T5
V129_T5,T5
V130_T5,T5
V131_T5,T5
V132_T5,T5
V133_T5,T5
V134_T5,T5
V135_T5,T5
V136_T5,T5
V137_T5,T5
V138_T5,T5
V139_T5,T5
V140_T5,T5
V141_T5,T5
V142_T5,T5
V143_T5,T5
V144_T5,T5
V145_T5,T5
V146_T5,T5
V147_T5,T5
V148_T5,T5
V149_T5,T5
V150_T5,T5
V151_T5,T5
V152_T5,T5
V153_T5,T5
V154_T5,T5
V155_T5,T5
V156_T5,T5
V157_T5,T5
V158_T5,T5
V159_T5,T5
V160_T5,T5
V161_T5,T5
V162_T5,T5
V163_T5,T5
V164_T5,T5
V165_T5,T5
V166_T5,T5
V167_T5,T5
V168_T5,T5
V169_T5,T5
V170_T5,T5
V171_T5,T5
V172_T5,T5
V173_T5,T5
V174_T5,T5
V175_T5,T5
V176_T5,T5
V177_T5,T5
V178_T5,T5
V179_T5,T5
V180_T5,T5
V181_T5,T5
V182_T5,T5
V183_T5,T5
V184_T5,T5
V185_T5,T5
V186_T5,T5
V187_T5,T5
V188_T5,T5
V189_T5,T5
V190_T5,T5
V191_T5,T5
V192_T5,T5
V193_T5,T5
V194_T5,T5
V195_T5,T5
V196_T5,T5
V197_T5,T5
V198_T5,T5
V199_T5,T5
V200_T5,T5
V201_T5,T5
V202_T5,T5
V203_T5,T5
V204_T5,T5
V205_T5,T5
V206_T5,T5
V207_T5,T5
V208_T5,T5
V209_T5,T5
V210_T5,T5
V211_T5,T5
V212_T5,T5
V213_T5,T5
V214_T5,T5
V215_T5,T5
V216_T5,T5
V217_T5,T5
V218_T5,T5
V219_T5,T5
V220_T5,T5
V221_T5,T5
V222_T5,T5
V223_T5,T5
V224_T5,T5
V225_T5,T5
V226_T5,T5
V227_T5,T5
V228_T5,T5
V229_T5,T5
V230_T5,T5
V231_T5,T5
V232_T5,T5
V233_T5,T5
V234_T5,T5
V235_T5,T5
V236_T5,T5
V237_T5,T5
V238_T5,T5
V239_T5,T5
V240_T5,T5
V241_T5,T5
V1_T6,T6
V2_T6,T6
V3_T6,T6
V4_T6,T6
V5_T6,T6
V6_T6,T6
V7_T6,T6
V8_T6,T6
V9_T6,T6
V10_T6,T6
V11_T6,T6
V12_T6,T6
V13_T6,T6
V14_T6,T6
V15_T6,T6
V16_T6,T6
V17_T6,T6
V18_T6,T6
V19_T6,T6
V20_T6,T6
V21_T6,T6
V22_T6,T6
V23_T6,T6
V24_T6,T6
V25_T6,T6
V26_T6,T6
V27_T6,T6
V28_T6,T6
V29_T6,T6
V30_T6,T6
V31_T6,T6
V32_T6,T6
V33_T6,T6
V34_T6,T6
V35_T6,T6
V36_T6,T6
V37_T6,T6
V38_T6,T6
V39_T6,T6
V40_T6,T6
V41_T6,T6
V42_T6,T6
V43_T6,T6
V44_T6,T6
V45_T6,T6
V46_T6,T6
V47_T6,T6
V48_T6,T6
V49_T6,T6
V50_T6,T6
V51_T6,T6
V52_T6,T6
V53_T6,T6
V54_T6,T6
V55_T6,T6
V56_T6,T6
V57_T6,T6
V58_T6,T6
V59_T6,T6
V60_T6,T6
V61_T6,T6
V62_T6,T6
V63_T6,T6
V64_T6,T6
V65_T6,T6
V66_T6,T6
V67_T6,T6
V68_T6,T6
V69_T6,T6
V70_T6,T6
V71_T6,T6
V72_T6,T6
V73_T6,T6
V74_T6,T6
V75_T6,T6
V76_T6,T6
V77_T6,T6
V78_T6,T6
V79_T6,T6
V80_T6,T6
V81_T6,T6
V82_T6,T6
V83_T6,T6
V84_T6,T6
V85_T6,T6
V86_T6,T6
V87_T6,T6
V88_T6,T6
V89_T6,T6
V90_T6,T6
V91_T6,T6
V92_T6,T6
V93_T6,T6
V94_T6,T6
V95_T6,T6
V96_T6,T6
V97_T6,T6
V98_T6,T6
V99_T6,T6
V100_T6,T6
V101_T6,T6
V102_T6,T6
V103_T6,T6
V104_T6,T6
V105_T6,T6
V106_T6,T6
V107_T6,T6
V108_T6,T6
V109_T6,T6
V110_T6,T6
V111_T6,T6
V112_T6,T6
V113_T6,T6
V114_T6,T6
V115_T6,T6
V116_T6,T6
V117_T6,T6
V118_T6,T6
V119_T6,T6
V120_T6,T6
V121_T6,T6
V122_T6,T6
V123_T6,T6
V124_T6,T6
V125_T6,T6
V126_T6,T6
V127_T6,T6
V128_T6,T6
V129_T6,T6
V130_T6,T6
V131_T6,T6
V132_T6,T6
V133_T6,T6
V134_T6,T6
V135_T6,T6
V136_T6,T6
V137_T6,T6
V138_T6,T6
V139_T6,T6
V140_T6,T6
V141_T6,T6
V142_T6,T6
V143_T6,T6
V144_T6,T6
V145_T6,T6
V146_T6,T6
V147_T6,T6
V148_T6,T6
V149_T6,T6
V150_T6,T6
V151_T6,T6
V152_T6,T6
V153_T6,T6
V154_T6,T6
V155_T6,T6
V156_T6,T6
V157_T6,T6
V158_T6,T6
V159_T6,T6
V160_T6,T6
V161_T6,T6
V162_T6,T6
V163_T6,T6
V164_T6,T6
V165_T6,T6
V166_T6,T6
V167_T6,T6
V168_T6,T6
V169_T6,T6
V170_T6,T6
V171_T6,T6
V172_T6,T6
V173_T6,T6
V174_T6,T6
V175_T6,T6
V176_T6,T6
V177_T6,T6
V178_T6,T6
V179_T6,T6
V180_T6,T6
V181_T6,T6
V182_T6,T6
V183_T6,T6
V184_T6,T6
V185_T6,T6
V186_T6,T6
V187_T6,T6
V188_T6,T6
V189_T6,T6
V190_T6,T6
V191_T6,T6
V192_T6,T6
V193_T6,T6
V194_T6,T6
V195_T6,T6
V196_T6,T6
V197_T6,T6
V198_T6,T6
V199_T6,T6
V200_T6,T6
V201_T6,T6
V202_T6,T6
V203_T6,T6
V204_T6,T6
V205_T6,T6
V206_T6,T6
V207_T6,T6
V208_T6,T6
V209_T6,T6
V210_T6,T6
V211_T6,T6
V212_T6,T6
V213_T6,T6
V214_T6,T6
V215_T6,T6
V216_T6,T6
V217_T6,T6
V218_T6,T6
V219_T6,T6
V220_T6,T6
V221_T6,T6
V222_T6,T6
V223_T6,T6
V224_T6,T6
V225_T6,T6
V226_T6,T6
V227_T6,T6
V228_T6,T6
V229_T6,T6
V230_T6,T6
V231_T6,T6
V232_T6,T6
V233_T6,T6
V234_T6,T6
V235_T6,T6
V236_T6,T6
V237_T6,T6
V238_T6,T6
V239_T6,T6
V240_T6,T6
V241_T6,T6
V242_T6,T6
V243_T6,T6
V244_T6,T6
V245_T6,T6
V246_T6,T6
V247_T6,T6
V248_T6,T6
V249_T6,T6
V250_T6,T6
V251_T6,T6
V252_T6,T6
V253_T6,T6
V254_T6,T6
V255_T6,T6
V256_T6,T6
V257_T6,T6
V258_T6,T6
V259_T6,T6
V260_T6,T6
V261_T6,T6
V262_T6,T6
V263_T6,T6
V264_T6,T6
V265_T6,T6
V266_T6,T6
V267_T6,T6
V268_T6,T6
V269_T6,T6
V270_T6,T6
V271_T6,T6
V1_T7,T7
V2_T7,T7
V3_T7,T7
V4_T7,T7
V5_T7,T7
V6_T7,T7
V7_T7,T7
V8_T7,T7
V9_T7,T7
V10_T7,T7
V11_T7,T7
V12_T7,T7
V13_T7,T7
V14_T7,T7
V15_T7,T7
V16_T7,T7
V17_T7,T7
V18_T7,T7
V19_T7,T7
V20_T7,T7
V21_T7,T7
V22_T7,T7
V23_T7,T7
V24_T7,T7
V25_T7,T7
V26_T7,T7
V27_T7,T7
V28_T7,T7
V29_T7,T7
V30_T7,T7
V31_T7,T7
V32_T7,T7
V33_T7,T7
V34_T7,T7
V35_T7,T7
V36_T7,T7
V37_T7,T7
V38_T7,T7
V39_T7,T7
V40_T7,T7
V41_T7,T7
V42_T7,T7
V43_T7,T7
V44_T7,T7
V45_T7,T7
V46_T7,T7
V47_T7,T7
V48_T7,T7
V49_T7,T7
V50_T7,T7
V51_T7,T7
V52_T7,T7
V53_T7,T7
V54_T7,T7
V55_T7,T7
V56_T7,T7
V57_T7,T7
V58_T7,T7
V59_T7,T7
V60_T7,T7
V61_T7,T7
V62_T7,T7
V63_T7,T7
V64_T7,T7
V65_T7,T7
V66_T7,T7
V67_T7,T7
V68_T7,T7
V69_T7,T7
V70_T7,T7
V71_T7,T7
V72_T7,T7
V73_T7,T7
V74_T7,T7
V75_T7,T7
V76_T7,T7
V77_T7,T7
V78_T7,T7
V79_T7,T7
V80_T7,T7
V81_T7,T7
V82_T7,T7
V83_T7,T7
V84_T7,T7
V85_T7,T7
V86_T7,T7
V87_T7,T7
V88_T7,T7
V89_T7,T7
V90_T7,T7
V91_T7,T7
V92_T7,T7
V93_T7,T7
V94_T7,T7
V95_T7,T7
V96_T7,T7
V97_T7,T7
V98_T7,T7
V99_T7,T7
V100_T7,T7
V101_T7,T7
V102_T7,T7
V103_T7,T7
V104_T7,T7
V105_T7,T7
V106_T7,T7
V107_T7,T7
V108_T7,T7
V109_T7,T7
V110_T7,T7
V111_T7,T7
V112_T7,T7
V113_T7,T7
V114_T7,T7
V115_T7,T7
V116_T7,T7
V117_T7,T7
V118_T7,T7
V119_T7,T7
V120_T7,T7
V121_T7,T7
V122_T7,T7
V123_T7,T7
V124_T7,T7
V125_T7,T7
V126_T7,T7
V127_T7,T7
V128_T7,T7
V129_T7,T7
V130_T7,T7
V131_T7,T7
V132_T7,T7
V133_T7,T7
V134_T7,T7
V135_T7,T7
V136_T7,T7
V137_T7,T7
V138_T7,T7
V139_T7,T7
V140_T7,T7
V141_T7,T7
V142_T7,T7
V143_T7,T7
V144_T7,T7
V145_T7,T7
V146_T7,T7
V147_T7,T7
V148_T7,T7
V149_T7,T7
V150_T7,T7
V151_T7,T7
V152_T7,T7
V153_T7,T7
V154_T7,T7
V155_T7,T7
V156_T7,T7
V157_T7,T7
V158_T7,T7
V159_T7,T7
V160_T7,T7
V161_T7,T7
V162_T7,T7
V163_T7,T7
V164_T7,T7
V165_T7,T7
V166_T7,T7
V167_T7,T7
V168_T7,T7
V169_T7,T7
V170_T7,T7
V171_T7,T7
V172_T7,T7
V173_T7,T7
V174_T7,T7
V175_T7,T7
V176_T7,T7
V177_T7,T7
V178_T7,T7
V179_T7,T7
V180_T7,T7
V181_T7,T7
V182_T7,T7
V183_T7,T7
V184_T7,T7
V185_T7,T7
V186_T7,T7
V187_T7,T7
V188_T7,T7
V189_T7,T7
V190_T7,T7
V191_T7,T7
V192_T7,T7
V193_T7,T7
V194_T7,T7
V195_T7,T7
V196_T7,T7
V197_T7,T7
V198_T7,T7
V199_T7,T7
V200_T7,T7
V201_T7,T7
V202_T7,T7
V203_T7,T7
V204_T7,T7
V205_T7,T7
V206_T7,T7
V207_T7,T7
V208_T7,T7
V209_T7,T7
V210_T7,T7
V211_T7,T7
V212_T7,T7
V213_T7,T7
V214_T7,T7
V215_T7,T7
V216_T7,T7
V217_T7,T7
V218_T7,T7
V219_T7,T7
V220_T7,T7
V221_T7,T7
V222_T7,T7
V223_T7,T7
V224_T7,T7
V225_T7,T7
V226_T7,T7
V227_T7,T7
V228_T7,T7
V229_T7,T7
V230_T7,T7
V231_T7,T7
V232_T7,T7
V233_T7,T7
V234_T7,T7
V235_T7,T7
V236_T7,T7
V237_T7,T7
V238_T7,T7
V239_T7,T7
V240_T7,T7
V241_T7,T7
V242_T7,T7
V243_T7,T7
V244_T7,T7
V245_T7,T7
V246_T7,T7
V247_T7,T7
V248_T7,T7
V249_T7,T7
V250_T7,T7
V251_T7,T7
V252_T7,T7
V253_T7,T7
V254_T7,T7
V255_T7,T7
V256_T7,T7
